{
    "a": 1251.1987536319994,
    "g": 188.5877443230005,
    "h": 1422.4008208350122,
    "l": 650.6018845409941,
    "m": 268.01892100300074,
    "n": 97.2877036480001,
    "o": 188.15685430700046,
    "q": 62.583624602999976,
    "s": 1104.2621086839913,
    "w": 148.2788163830003,
    "x": 680.882891984994,
    "z": 919.3631803409895
}