{"a": 158.70060854500034, "g": 115.20404911200025, "h": 374.8002392259992, "l": 161.63783962000036, "m": 39.20759175599998, "n": 22.260339366999997, "o": 104.42577002000007, "q": 18.361538434000003, "s": 329.8428019069999, "w": 64.89265476799994, "x": 202.91427263900033, "z": 216.43275003500048}