{"a": 144.05941457300003, "g": 17.133842564000002, "h": 157.42630758099978, "l": 78.86590984699995, "m": 25.133198038000007, "n": 6.017783443, "o": 22.583610525000008, "q": 6.908893065, "s": 114.48390410999997, "w": 9.506356703000002, "x": 93.78003037600006, "z": 80.39493076199997}