{"a": 702.8087536319998, "g": 92.81774432300023, "h": 783.730820834992, "l": 363.9018845410032, "m": 136.86892100300022, "n": 47.87770364799995, "o": 108.24685430700039, "q": 35.743624602999965, "s": 587.592108684004, "w": 73.24881638299998, "x": 395.4028919850026, "z": 487.48318034100623}