{"a": 94.65060854500014, "g": 59.69404911199992, "h": 236.94023922600005, "l": 107.34783962000036, "m": 23.957591755999985, "n": 13.110339366999993, "o": 64.77577001999994, "q": 14.091538433999997, "s": 206.01280190699953, "w": 36.222654767999956, "x": 137.6442726390003, "z": 132.25275003500045}