{"a": 26.193083719999997, "g": 3.380610065, "h": 51.40996342600002, "l": 32.537657886999995, "m": 7.244429499, "n": 3.111321633, "o": 9.987908543, "q": 0.5943282000000001, "s": 38.93779865, "w": 6.758807217000001, "x": 32.422632353000004, "z": 19.133570514}